DATE,REGION,Total_cases
15/03/20,Brussels,119
15/03/20,Flanders,461
15/03/20,Wallonia,383
16/03/20,Brussels,238
16/03/20,Flanders,794
16/03/20,Wallonia,568
17/03/20,Brussels,219
17/03/20,Flanders,1414
17/03/20,Wallonia,654
18/03/20,Brussels,346
18/03/20,Flanders,1962
18/03/20,Wallonia,925
19/03/20,Brussels,583
19/03/20,Flanders,2212
19/03/20,Wallonia,1245
20/03/20,Brussels,504
20/03/20,Flanders,3230
20/03/20,Wallonia,1468
21/03/20,Brussels,683
21/03/20,Flanders,2951
21/03/20,Wallonia,1377
22/03/20,Brussels,719
22/03/20,Flanders,2262
22/03/20,Wallonia,1464
23/03/20,Brussels,515
23/03/20,Flanders,3679
23/03/20,Wallonia,1758
24/03/20,Brussels,1058
24/03/20,Flanders,5412
24/03/20,Wallonia,1777
25/03/20,Brussels,1312
25/03/20,Flanders,6299
25/03/20,Wallonia,2424
26/03/20,Brussels,1517
26/03/20,Flanders,5462
26/03/20,Wallonia,2726
27/03/20,Brussels,1859
27/03/20,Flanders,6398
27/03/20,Wallonia,2962
28/03/20,Brussels,1856
28/03/20,Flanders,6535
28/03/20,Wallonia,2644
29/03/20,Brussels,1661
29/03/20,Flanders,4855
29/03/20,Wallonia,2441
30/03/20,Brussels,986
30/03/20,Flanders,6131
30/03/20,Wallonia,3155
31/03/20,Brussels,2096
31/03/20,Flanders,6389
31/03/20,Wallonia,2698
01/04/20,Brussels,1591
01/04/20,Flanders,6428
01/04/20,Wallonia,3667
02/04/20,Brussels,1973
02/04/20,Flanders,5815
02/04/20,Wallonia,3714
03/04/20,Brussels,1283
03/04/20,Flanders,6709
03/04/20,Wallonia,2425
04/04/20,Brussels,1377
04/04/20,Flanders,5143
04/04/20,Wallonia,2549
05/04/20,Brussels,1072
05/04/20,Flanders,3407
05/04/20,Wallonia,1782
06/04/20,Brussels,1061
06/04/20,Flanders,4508
06/04/20,Wallonia,2051
07/04/20,Brussels,1562
07/04/20,Flanders,5555
07/04/20,Wallonia,2583
08/04/20,Brussels,1262
08/04/20,Flanders,4790
08/04/20,Wallonia,3260
09/04/20,Brussels,1601
09/04/20,Flanders,5465
09/04/20,Wallonia,3493
10/04/20,Brussels,1203
10/04/20,Flanders,5766
10/04/20,Wallonia,2828
11/04/20,Brussels,762
11/04/20,Flanders,4320
11/04/20,Wallonia,2182
12/04/20,Brussels,843
12/04/20,Flanders,2547
12/04/20,Wallonia,1099
13/04/20,Brussels,775
13/04/20,Flanders,2423
13/04/20,Wallonia,991
14/04/20,Brussels,708
14/04/20,Flanders,3412
14/04/20,Wallonia,1576
15/04/20,Brussels,903
15/04/20,Flanders,3973
15/04/20,Wallonia,2139
16/04/20,Brussels,1019
16/04/20,Flanders,3708
16/04/20,Wallonia,2441
17/04/20,Brussels,1037
17/04/20,Flanders,3417
17/04/20,Wallonia,1990
18/04/20,Brussels,578
18/04/20,Flanders,2255
18/04/20,Wallonia,1867
19/04/20,Brussels,503
19/04/20,Flanders,1766
19/04/20,Wallonia,1215
20/04/20,Brussels,439
20/04/20,Flanders,2106
20/04/20,Wallonia,1752
21/04/20,Brussels,572
21/04/20,Flanders,2866
21/04/20,Wallonia,2275
22/04/20,Brussels,812
22/04/20,Flanders,1752
22/04/20,Wallonia,1530
23/04/20,Brussels,667
23/04/20,Flanders,2139
23/04/20,Wallonia,1537
24/04/20,Brussels,776
24/04/20,Flanders,2177
24/04/20,Wallonia,1279
25/04/20,Brussels,331
25/04/20,Flanders,1638
25/04/20,Wallonia,794
26/04/20,Brussels,247
26/04/20,Flanders,783
26/04/20,Wallonia,623
27/04/20,Brussels,448
27/04/20,Flanders,1523
27/04/20,Wallonia,869
28/04/20,Brussels,390
28/04/20,Flanders,1718
28/04/20,Wallonia,863
29/04/20,Brussels,481
29/04/20,Flanders,1900
29/04/20,Wallonia,843
30/04/20,Brussels,481
30/04/20,Flanders,1477
30/04/20,Wallonia,909
01/05/20,Brussels,130
01/05/20,Flanders,1265
01/05/20,Wallonia,393
02/05/20,Brussels,90
02/05/20,Flanders,831
02/05/20,Wallonia,439
03/05/20,Brussels,87
03/05/20,Flanders,511
03/05/20,Wallonia,114
04/05/20,Brussels,331
04/05/20,Flanders,1331
04/05/20,Wallonia,459
05/05/20,Brussels,367
05/05/20,Flanders,1373
05/05/20,Wallonia,731
06/05/20,Brussels,303
06/05/20,Flanders,1379
06/05/20,Wallonia,535
07/05/20,Brussels,295
07/05/20,Flanders,1359
07/05/20,Wallonia,683
08/05/20,Brussels,189
08/05/20,Flanders,939
08/05/20,Wallonia,574
09/05/20,Brussels,251
09/05/20,Flanders,680
09/05/20,Wallonia,301
10/05/20,Brussels,92
10/05/20,Flanders,246
10/05/20,Wallonia,210
11/05/20,Brussels,157
11/05/20,Flanders,842
11/05/20,Wallonia,204
12/05/20,Brussels,148
12/05/20,Flanders,940
12/05/20,Wallonia,452
13/05/20,Brussels,193
13/05/20,Flanders,864
13/05/20,Wallonia,463
14/05/20,Brussels,126
14/05/20,Flanders,780
14/05/20,Wallonia,381
15/05/20,Brussels,207
15/05/20,Flanders,783
15/05/20,Wallonia,310
16/05/20,Brussels,175
16/05/20,Flanders,368
16/05/20,Wallonia,233
17/05/20,Brussels,22
17/05/20,Flanders,309
17/05/20,Wallonia,49
18/05/20,Brussels,188
18/05/20,Flanders,672
18/05/20,Wallonia,170
19/05/20,Brussels,170
19/05/20,Flanders,754
19/05/20,Wallonia,188
20/05/20,Brussels,151
20/05/20,Flanders,957
20/05/20,Wallonia,376
21/05/20,Brussels,53
21/05/20,Flanders,340
21/05/20,Wallonia,51
22/05/20,Brussels,117
22/05/20,Flanders,532
22/05/20,Wallonia,125
23/05/20,Brussels,60
23/05/20,Flanders,408
23/05/20,Wallonia,174
24/05/20,Brussels,31
24/05/20,Flanders,191
24/05/20,Wallonia,69
25/05/20,Brussels,96
25/05/20,Flanders,599
25/05/20,Wallonia,150
26/05/20,Brussels,68
26/05/20,Flanders,385
26/05/20,Wallonia,193
27/05/20,Brussels,149
27/05/20,Flanders,524
27/05/20,Wallonia,143
28/05/20,Brussels,24
28/05/20,Flanders,378
28/05/20,Wallonia,74
29/05/20,Brussels,110
29/05/20,Flanders,233
29/05/20,Wallonia,97
30/05/20,Brussels,28
30/05/20,Flanders,182
30/05/20,Wallonia,34
31/05/20,Brussels,17
31/05/20,Flanders,116
31/05/20,Wallonia,37
01/06/20,Brussels,42
01/06/20,Flanders,139
01/06/20,Wallonia,35
02/06/20,Brussels,119
02/06/20,Flanders,327
02/06/20,Wallonia,106
03/06/20,Brussels,34
03/06/20,Flanders,258
03/06/20,Wallonia,87
04/06/20,Brussels,128
04/06/20,Flanders,313
04/06/20,Wallonia,96
05/06/20,Brussels,99
05/06/20,Flanders,295
05/06/20,Wallonia,79
06/06/20,Brussels,20
06/06/20,Flanders,145
06/06/20,Wallonia,37
07/06/20,Brussels,60
07/06/20,Flanders,83
07/06/20,Wallonia,34
08/06/20,Brussels,46
08/06/20,Flanders,184
08/06/20,Wallonia,100
09/06/20,Brussels,85
09/06/20,Flanders,235
09/06/20,Wallonia,88
10/06/20,Brussels,95
10/06/20,Flanders,163
10/06/20,Wallonia,62
11/06/20,Brussels,55
11/06/20,Flanders,230
11/06/20,Wallonia,77
12/06/20,Brussels,59
12/06/20,Flanders,127
12/06/20,Wallonia,104
13/06/20,Brussels,21
13/06/20,Flanders,35
13/06/20,Wallonia,34
14/06/20,Brussels,10
14/06/20,Flanders,50
14/06/20,Wallonia,7
15/06/20,Brussels,62
15/06/20,Flanders,158
15/06/20,Wallonia,47
16/06/20,Brussels,43
16/06/20,Flanders,132
16/06/20,Wallonia,93
17/06/20,Brussels,37
17/06/20,Flanders,233
17/06/20,Wallonia,21
18/06/20,Brussels,78
18/06/20,Flanders,122
18/06/20,Wallonia,73
19/06/20,Brussels,63
19/06/20,Flanders,214
19/06/20,Wallonia,43
20/06/20,Brussels,7
20/06/20,Flanders,59
20/06/20,Wallonia,69
21/06/20,Flanders,38
21/06/20,Wallonia,11
22/06/20,Brussels,25
22/06/20,Flanders,179
22/06/20,Wallonia,59
23/06/20,Brussels,20
23/06/20,Flanders,100
23/06/20,Wallonia,84
24/06/20,Brussels,22
24/06/20,Flanders,175
24/06/20,Wallonia,42
25/06/20,Brussels,33
25/06/20,Flanders,125
25/06/20,Wallonia,37
26/06/20,Brussels,83
26/06/20,Flanders,113
26/06/20,Wallonia,74
27/06/20,Brussels,13
27/06/20,Flanders,49
27/06/20,Wallonia,33
28/06/20,Flanders,51
28/06/20,Wallonia,4
29/06/20,Brussels,94
29/06/20,Flanders,156
29/06/20,Wallonia,23
30/06/20,Brussels,23
30/06/20,Flanders,165
30/06/20,Wallonia,31
01/07/20,Brussels,22
01/07/20,Flanders,184
01/07/20,Wallonia,17
02/07/20,Brussels,46
02/07/20,Flanders,122
02/07/20,Wallonia,26
03/07/20,Brussels,17
03/07/20,Flanders,77
03/07/20,Wallonia,40
04/07/20,Brussels,6
04/07/20,Flanders,70
04/07/20,Wallonia,73
05/07/20,Brussels,1
05/07/20,Flanders,43
05/07/20,Wallonia,2
06/07/20,Brussels,34
06/07/20,Flanders,125
06/07/20,Wallonia,27
07/07/20,Brussels,8
07/07/20,Flanders,190
07/07/20,Wallonia,47
08/07/20,Brussels,37
08/07/20,Flanders,161
08/07/20,Wallonia,22
09/07/20,Brussels,28
09/07/20,Flanders,162
09/07/20,Wallonia,23
10/07/20,Brussels,29
10/07/20,Flanders,112
10/07/20,Wallonia,25
11/07/20,Brussels,6
11/07/20,Flanders,109
11/07/20,Wallonia,22
12/07/20,Brussels,12
12/07/20,Flanders,76
12/07/20,Wallonia,7
13/07/20,Brussels,37
13/07/20,Flanders,233
13/07/20,Wallonia,52
14/07/20,Brussels,69
14/07/20,Flanders,195
14/07/20,Wallonia,147
15/07/20,Brussels,47
15/07/20,Flanders,236
15/07/20,Wallonia,88
16/07/20,Brussels,34
16/07/20,Flanders,281
16/07/20,Wallonia,67
17/07/20,Brussels,45
17/07/20,Flanders,296
17/07/20,Wallonia,73
18/07/20,Brussels,17
18/07/20,Flanders,332
18/07/20,Wallonia,44
19/07/20,Brussels,4
19/07/20,Flanders,150
19/07/20,Wallonia,28
20/07/20,Brussels,60
20/07/20,Flanders,478
20/07/20,Wallonia,92
21/07/20,Brussels,16
21/07/20,Flanders,224
21/07/20,Wallonia,19
22/07/20,Brussels,68
22/07/20,Flanders,635
22/07/20,Wallonia,166
23/07/20,Brussels,111
23/07/20,Flanders,690
23/07/20,Wallonia,116
24/07/20,Brussels,107
24/07/20,Flanders,677
24/07/20,Wallonia,177
25/07/20,Brussels,54
25/07/20,Flanders,426
25/07/20,Wallonia,78
26/07/20,Brussels,10
26/07/20,Flanders,295
26/07/20,Wallonia,31
27/07/20,Brussels,84
27/07/20,Flanders,813
27/07/20,Wallonia,133
28/07/20,Brussels,222
28/07/20,Flanders,869
28/07/20,Wallonia,238
29/07/20,Brussels,261
29/07/20,Flanders,629
29/07/20,Wallonia,252
30/07/20,Brussels,185
30/07/20,Flanders,720
30/07/20,Wallonia,259
31/07/20,Brussels,99
31/07/20,Flanders,642
31/07/20,Wallonia,251
01/08/20,Brussels,70
01/08/20,Flanders,379
01/08/20,Wallonia,223
02/08/20,Brussels,53
02/08/20,Flanders,301
02/08/20,Wallonia,142
03/08/20,Brussels,268
03/08/20,Flanders,777
03/08/20,Wallonia,244
04/08/20,Brussels,272
04/08/20,Flanders,611
04/08/20,Wallonia,240
05/08/20,Brussels,394
05/08/20,Flanders,861
05/08/20,Wallonia,314
06/08/20,Brussels,210
06/08/20,Flanders,802
06/08/20,Wallonia,324
07/08/20,Brussels,295
07/08/20,Flanders,774
07/08/20,Wallonia,244
08/08/20,Brussels,230
08/08/20,Flanders,440
08/08/20,Wallonia,153
09/08/20,Brussels,74
09/08/20,Flanders,174
09/08/20,Wallonia,67
10/08/20,Brussels,363
10/08/20,Flanders,966
10/08/20,Wallonia,265
11/08/20,Brussels,330
11/08/20,Flanders,784
11/08/20,Wallonia,406
12/08/20,Brussels,357
12/08/20,Flanders,590
12/08/20,Wallonia,240
13/08/20,Brussels,340
13/08/20,Flanders,796
13/08/20,Wallonia,304
14/08/20,Brussels,308
14/08/20,Flanders,517
14/08/20,Wallonia,278
15/08/20,Brussels,123
15/08/20,Flanders,384
15/08/20,Wallonia,147
16/08/20,Brussels,140
16/08/20,Flanders,225
16/08/20,Wallonia,65
17/08/20,Brussels,210
17/08/20,Flanders,615
17/08/20,Wallonia,198
18/08/20,Brussels,507
18/08/20,Flanders,465
18/08/20,Wallonia,305
19/08/20,Brussels,457
19/08/20,Flanders,524
19/08/20,Wallonia,228
20/08/20,Brussels,339
20/08/20,Flanders,530
20/08/20,Wallonia,180
21/08/20,Brussels,314
21/08/20,Flanders,517
21/08/20,Wallonia,158
22/08/20,Brussels,98
22/08/20,Flanders,250
22/08/20,Wallonia,106
23/08/20,Brussels,66
23/08/20,Flanders,122
23/08/20,Wallonia,50
24/08/20,Brussels,188
24/08/20,Flanders,427
24/08/20,Wallonia,227
25/08/20,Brussels,214
25/08/20,Flanders,350
25/08/20,Wallonia,128
26/08/20,Brussels,323
26/08/20,Flanders,358
26/08/20,Wallonia,145
27/08/20,Brussels,276
27/08/20,Flanders,298
27/08/20,Wallonia,265
28/08/20,Brussels,254
28/08/20,Flanders,368
28/08/20,Wallonia,260
29/08/20,Brussels,91
29/08/20,Flanders,140
29/08/20,Wallonia,59
30/08/20,Brussels,53
30/08/20,Flanders,162
30/08/20,Wallonia,35
31/08/20,Brussels,169
31/08/20,Flanders,531
31/08/20,Wallonia,192
01/09/20,Brussels,263
01/09/20,Flanders,514
01/09/20,Wallonia,195
02/09/20,Brussels,330
02/09/20,Flanders,433
02/09/20,Wallonia,193
03/09/20,Brussels,228
03/09/20,Flanders,456
03/09/20,Wallonia,177
04/09/20,Brussels,281
04/09/20,Flanders,518
04/09/20,Wallonia,261
05/09/20,Brussels,133
05/09/20,Flanders,244
05/09/20,Wallonia,138
06/09/20,Brussels,97
06/09/20,Flanders,183
06/09/20,Wallonia,53
07/09/20,Brussels,511
07/09/20,Flanders,591
07/09/20,Wallonia,281
08/09/20,Brussels,484
08/09/20,Flanders,675
08/09/20,Wallonia,384
09/09/20,Brussels,283
09/09/20,Flanders,682
09/09/20,Wallonia,425
10/09/20,Brussels,336
10/09/20,Flanders,856
10/09/20,Wallonia,435
11/09/20,Brussels,522
11/09/20,Flanders,778
11/09/20,Wallonia,473
12/09/20,Brussels,253
12/09/20,Flanders,489
12/09/20,Wallonia,391
13/09/20,Brussels,239
13/09/20,Flanders,378
13/09/20,Wallonia,160
14/09/20,Brussels,581
14/09/20,Flanders,1108
14/09/20,Wallonia,631
15/09/20,Brussels,628
15/09/20,Flanders,996
15/09/20,Wallonia,863
16/09/20,Brussels,780
16/09/20,Flanders,1113
16/09/20,Wallonia,851
17/09/20,Brussels,721
17/09/20,Flanders,1037
17/09/20,Wallonia,826
18/09/20,Brussels,577
18/09/20,Flanders,1357
18/09/20,Wallonia,777
19/09/20,Brussels,384
19/09/20,Flanders,920
19/09/20,Wallonia,582
20/09/20,Brussels,201
20/09/20,Flanders,494
20/09/20,Wallonia,513
21/09/20,Brussels,1051
21/09/20,Flanders,1298
21/09/20,Wallonia,930
22/09/20,Brussels,866
22/09/20,Flanders,1473
22/09/20,Wallonia,1080
23/09/20,Brussels,928
23/09/20,Flanders,1286
23/09/20,Wallonia,1162
24/09/20,Brussels,814
24/09/20,Flanders,1857
24/09/20,Wallonia,827
25/09/20,Brussels,741
25/09/20,Flanders,1362
25/09/20,Wallonia,836
26/09/20,Brussels,503
26/09/20,Flanders,729
26/09/20,Wallonia,759
27/09/20,Brussels,453
27/09/20,Flanders,579
27/09/20,Wallonia,379
28/09/20,Brussels,1078
28/09/20,Flanders,1694
28/09/20,Wallonia,1406
29/09/20,Brussels,1316
29/09/20,Flanders,1649
29/09/20,Wallonia,1701
30/09/20,Brussels,1395
30/09/20,Flanders,1857
30/09/20,Wallonia,1613
01/10/20,Brussels,1403
01/10/20,Flanders,1751
01/10/20,Wallonia,1879
02/10/20,Brussels,1045
02/10/20,Flanders,1817
02/10/20,Wallonia,2225
03/10/20,Brussels,702
03/10/20,Flanders,1093
03/10/20,Wallonia,1357
04/10/20,Brussels,448
04/10/20,Flanders,963
04/10/20,Wallonia,1248
05/10/20,Brussels,1606
05/10/20,Flanders,2607
05/10/20,Wallonia,2748
06/10/20,Brussels,1673
06/10/20,Flanders,2778
06/10/20,Wallonia,3378
07/10/20,Brussels,2064
07/10/20,Flanders,3328
07/10/20,Wallonia,4227
08/10/20,Brussels,1988
08/10/20,Flanders,3049
08/10/20,Wallonia,4098
09/10/20,Brussels,2027
09/10/20,Flanders,3719
09/10/20,Wallonia,5016
10/10/20,Brussels,1117
10/10/20,Flanders,2299
10/10/20,Wallonia,4060
11/10/20,Brussels,695
11/10/20,Flanders,1840
11/10/20,Wallonia,2518
12/10/20,Brussels,2153
12/10/20,Flanders,5173
12/10/20,Wallonia,5924
13/10/20,Brussels,2954
13/10/20,Flanders,5504
13/10/20,Wallonia,8551
14/10/20,Brussels,2979
14/10/20,Flanders,5843
14/10/20,Wallonia,8806
15/10/20,Brussels,2986
15/10/20,Flanders,5907
15/10/20,Wallonia,8751
16/10/20,Brussels,2959
16/10/20,Flanders,6454
16/10/20,Wallonia,9147
17/10/20,Brussels,2195
17/10/20,Flanders,4852
17/10/20,Wallonia,8218
18/10/20,Brussels,1279
18/10/20,Flanders,3348
18/10/20,Wallonia,5007
19/10/20,Brussels,4005
19/10/20,Flanders,8344
19/10/20,Wallonia,8704
20/10/20,Brussels,4901
20/10/20,Flanders,9595
20/10/20,Wallonia,13280
21/10/20,Brussels,3998
21/10/20,Flanders,9399
21/10/20,Wallonia,12708
22/10/20,Brussels,4779
22/10/20,Flanders,9963
22/10/20,Wallonia,13042
23/10/20,Brussels,4822
23/10/20,Flanders,11184
23/10/20,Wallonia,14929
24/10/20,Brussels,3460
24/10/20,Flanders,8529
24/10/20,Wallonia,11588
25/10/20,Brussels,2283
25/10/20,Flanders,5830
25/10/20,Wallonia,7139
26/10/20,Brussels,3423
26/10/20,Flanders,13329
26/10/20,Wallonia,13685
27/10/20,Brussels,4977
27/10/20,Flanders,13408
27/10/20,Wallonia,17622
28/10/20,Brussels,4458
28/10/20,Flanders,11315
28/10/20,Wallonia,17098
29/10/20,Brussels,3864
29/10/20,Flanders,10770
29/10/20,Wallonia,13944
30/10/20,Brussels,3786
30/10/20,Flanders,11547
30/10/20,Wallonia,14803
31/10/20,Brussels,2949
31/10/20,Flanders,8305
31/10/20,Wallonia,9032
01/11/20,Brussels,1456
01/11/20,Flanders,6444
01/11/20,Wallonia,6034
02/11/20,Brussels,2884
02/11/20,Flanders,11263
02/11/20,Wallonia,11646
03/11/20,Brussels,3414
03/11/20,Flanders,12075
03/11/20,Wallonia,14356
04/11/20,Brussels,2897
04/11/20,Flanders,9169
04/11/20,Wallonia,10435
05/11/20,Brussels,2405
05/11/20,Flanders,7815
05/11/20,Wallonia,8768
06/11/20,Brussels,1970
06/11/20,Flanders,8046
06/11/20,Wallonia,8512
07/11/20,Brussels,1824
07/11/20,Flanders,5476
07/11/20,Wallonia,5740
08/11/20,Brussels,930
08/11/20,Flanders,4361
08/11/20,Wallonia,3874
09/11/20,Brussels,2120
09/11/20,Flanders,8021
09/11/20,Wallonia,7160
10/11/20,Brussels,2549
10/11/20,Flanders,8763
10/11/20,Wallonia,8470
11/11/20,Brussels,1530
11/11/20,Flanders,5743
11/11/20,Wallonia,5454
12/11/20,Brussels,1893
12/11/20,Flanders,6330
12/11/20,Wallonia,6298
13/11/20,Brussels,1909
13/11/20,Flanders,6796
13/11/20,Wallonia,7340
14/11/20,Brussels,1602
14/11/20,Flanders,5073
14/11/20,Wallonia,4675
15/11/20,Brussels,730
15/11/20,Flanders,3609
15/11/20,Wallonia,2265
16/11/20,Brussels,1191
16/11/20,Flanders,5906
16/11/20,Wallonia,4260
17/11/20,Brussels,1397
17/11/20,Flanders,5234
17/11/20,Wallonia,5567
18/11/20,Brussels,1256
18/11/20,Flanders,5168
18/11/20,Wallonia,4267
19/11/20,Brussels,1305
19/11/20,Flanders,4920
19/11/20,Wallonia,3907
20/11/20,Brussels,1193
20/11/20,Flanders,4608
20/11/20,Wallonia,3525
21/11/20,Brussels,906
21/11/20,Flanders,3150
21/11/20,Wallonia,2122
22/11/20,Brussels,389
22/11/20,Flanders,2279
22/11/20,Wallonia,1406
23/11/20,Brussels,893
23/11/20,Flanders,4295
23/11/20,Wallonia,2906
24/11/20,Brussels,1099
24/11/20,Flanders,4961
24/11/20,Wallonia,2781
25/11/20,Brussels,1076
25/11/20,Flanders,4214
25/11/20,Wallonia,2874
26/11/20,Brussels,830
26/11/20,Flanders,3747
26/11/20,Wallonia,2819
27/11/20,Brussels,656
27/11/20,Flanders,3934
27/11/20,Wallonia,2686
28/11/20,Brussels,605
28/11/20,Flanders,3312
28/11/20,Wallonia,1428
29/11/20,Brussels,294
29/11/20,Flanders,2140
29/11/20,Wallonia,652
30/11/20,Brussels,725
30/11/20,Flanders,3224
30/11/20,Wallonia,1708
01/12/20,Brussels,740
01/12/20,Flanders,3770
01/12/20,Wallonia,2232
02/12/20,Brussels,877
02/12/20,Flanders,3978
02/12/20,Wallonia,2404
03/12/20,Brussels,626
03/12/20,Flanders,3338
03/12/20,Wallonia,2257
04/12/20,Brussels,808
04/12/20,Flanders,3679
04/12/20,Wallonia,2358
05/12/20,Brussels,439
05/12/20,Flanders,3107
05/12/20,Wallonia,1668
06/12/20,Brussels,245
06/12/20,Flanders,2149
06/12/20,Wallonia,796
07/12/20,Brussels,537
07/12/20,Flanders,3793
07/12/20,Wallonia,1906
08/12/20,Brussels,714
08/12/20,Flanders,3604
08/12/20,Wallonia,2617
09/12/20,Brussels,568
09/12/20,Flanders,3659
09/12/20,Wallonia,2152
10/12/20,Brussels,836
10/12/20,Flanders,3716
10/12/20,Wallonia,2108
11/12/20,Brussels,484
11/12/20,Flanders,3852
11/12/20,Wallonia,2111
12/12/20,Brussels,428
12/12/20,Flanders,3195
12/12/20,Wallonia,1455
13/12/20,Brussels,318
13/12/20,Flanders,2756
13/12/20,Wallonia,1020
14/12/20,Brussels,538
14/12/20,Flanders,3788
14/12/20,Wallonia,1899
15/12/20,Brussels,666
15/12/20,Flanders,4984
15/12/20,Wallonia,1992
16/12/20,Brussels,603
16/12/20,Flanders,3777
16/12/20,Wallonia,2281
17/12/20,Brussels,860
17/12/20,Flanders,3838
17/12/20,Wallonia,2120
18/12/20,Brussels,579
18/12/20,Flanders,3911
18/12/20,Wallonia,2193
19/12/20,Brussels,504
19/12/20,Flanders,2839
19/12/20,Wallonia,1854
20/12/20,Brussels,215
20/12/20,Flanders,2139
20/12/20,Wallonia,517
21/12/20,Brussels,573
21/12/20,Flanders,3702
21/12/20,Wallonia,1715
22/12/20,Brussels,621
22/12/20,Flanders,4053
22/12/20,Wallonia,2151
23/12/20,Brussels,446
23/12/20,Flanders,3947
23/12/20,Wallonia,1645
24/12/20,Brussels,406
24/12/20,Flanders,3659
24/12/20,Wallonia,1773
25/12/20,Brussels,222
25/12/20,Flanders,2094
25/12/20,Wallonia,474
26/12/20,Brussels,145
26/12/20,Flanders,2087
26/12/20,Wallonia,611
27/12/20,Brussels,163
27/12/20,Flanders,2199
27/12/20,Wallonia,879
28/12/20,Brussels,586
28/12/20,Flanders,3354
28/12/20,Wallonia,1583
29/12/20,Brussels,533
29/12/20,Flanders,3764
29/12/20,Wallonia,1915
30/12/20,Brussels,442
30/12/20,Flanders,2996
30/12/20,Wallonia,1581
31/12/20,Brussels,341
31/12/20,Flanders,2666
31/12/20,Wallonia,1404
01/01/21,Brussels,203
01/01/21,Flanders,1711
01/01/21,Wallonia,847
02/01/21,Brussels,222
02/01/21,Flanders,2031
02/01/21,Wallonia,834
03/01/21,Brussels,384
03/01/21,Flanders,1878
03/01/21,Wallonia,726
04/01/21,Brussels,413
04/01/21,Flanders,3186
04/01/21,Wallonia,1394
05/01/21,Brussels,751
05/01/21,Flanders,3226
05/01/21,Wallonia,1528
06/01/21,Brussels,640
06/01/21,Flanders,2727
06/01/21,Wallonia,1648
07/01/21,Brussels,562
07/01/21,Flanders,2928
07/01/21,Wallonia,1266
08/01/21,Brussels,580
08/01/21,Flanders,2548
08/01/21,Wallonia,1453
09/01/21,Brussels,446
09/01/21,Flanders,2309
09/01/21,Wallonia,1020
10/01/21,Brussels,239
10/01/21,Flanders,1584
10/01/21,Wallonia,421
11/01/21,Brussels,501
11/01/21,Flanders,2618
11/01/21,Wallonia,1425
12/01/21,Brussels,733
12/01/21,Flanders,2723
12/01/21,Wallonia,1398
13/01/21,Brussels,589
13/01/21,Flanders,2918
13/01/21,Wallonia,1199
14/01/21,Brussels,529
14/01/21,Flanders,2617
14/01/21,Wallonia,1302
15/01/21,Brussels,480
15/01/21,Flanders,3037
15/01/21,Wallonia,1239
16/01/21,Brussels,329
16/01/21,Flanders,1961
16/01/21,Wallonia,823
17/01/21,Brussels,272
17/01/21,Flanders,1283
17/01/21,Wallonia,425
18/01/21,Brussels,589
18/01/21,Flanders,3037
18/01/21,Wallonia,1293
19/01/21,Brussels,819
19/01/21,Flanders,3477
19/01/21,Wallonia,1617
20/01/21,Brussels,397
20/01/21,Flanders,3262
20/01/21,Wallonia,1513
21/01/21,Brussels,648
21/01/21,Flanders,2960
21/01/21,Wallonia,1492
22/01/21,Brussels,675
22/01/21,Flanders,3457
22/01/21,Wallonia,1397
23/01/21,Brussels,494
23/01/21,Flanders,2479
23/01/21,Wallonia,1094
24/01/21,Brussels,232
24/01/21,Flanders,1989
24/01/21,Wallonia,441
25/01/21,Brussels,420
25/01/21,Flanders,3290
25/01/21,Wallonia,1296
26/01/21,Brussels,437
26/01/21,Flanders,3438
26/01/21,Wallonia,1757
27/01/21,Brussels,428
27/01/21,Flanders,2809
27/01/21,Wallonia,1573
28/01/21,Brussels,454
28/01/21,Flanders,3146
28/01/21,Wallonia,1570
29/01/21,Brussels,659
29/01/21,Flanders,3038
29/01/21,Wallonia,1516
30/01/21,Brussels,436
30/01/21,Flanders,2578
30/01/21,Wallonia,1081
31/01/21,Brussels,262
31/01/21,Flanders,1445
31/01/21,Wallonia,442
01/02/21,Brussels,662
01/02/21,Flanders,3250
01/02/21,Wallonia,1832
02/02/21,Brussels,500
02/02/21,Flanders,3022
02/02/21,Wallonia,1811
03/02/21,Brussels,575
03/02/21,Flanders,2975
03/02/21,Wallonia,1501
04/02/21,Brussels,664
04/02/21,Flanders,2931
04/02/21,Wallonia,1468
05/02/21,Brussels,650
05/02/21,Flanders,3120
05/02/21,Wallonia,1395
06/02/21,Brussels,392
06/02/21,Flanders,2096
06/02/21,Wallonia,999
07/02/21,Brussels,185
07/02/21,Flanders,1506
07/02/21,Wallonia,634
08/02/21,Brussels,417
08/02/21,Flanders,2282
08/02/21,Wallonia,1163
09/02/21,Brussels,676
09/02/21,Flanders,3080
09/02/21,Wallonia,1482
10/02/21,Brussels,561
10/02/21,Flanders,2609
10/02/21,Wallonia,1444
11/02/21,Brussels,455
11/02/21,Flanders,2493
11/02/21,Wallonia,1632
12/02/21,Brussels,569
12/02/21,Flanders,2744
12/02/21,Wallonia,1205
13/02/21,Brussels,311
13/02/21,Flanders,1921
13/02/21,Wallonia,841
14/02/21,Brussels,319
14/02/21,Flanders,1232
14/02/21,Wallonia,532
15/02/21,Brussels,497
15/02/21,Flanders,2716
15/02/21,Wallonia,1116
16/02/21,Brussels,627
16/02/21,Flanders,2968
16/02/21,Wallonia,1539
17/02/21,Brussels,673
17/02/21,Flanders,2848
17/02/21,Wallonia,1648
18/02/21,Brussels,646
18/02/21,Flanders,3044
18/02/21,Wallonia,1490
19/02/21,Brussels,670
19/02/21,Flanders,2865
19/02/21,Wallonia,1615
20/02/21,Brussels,559
20/02/21,Flanders,1961
20/02/21,Wallonia,1047
21/02/21,Brussels,440
21/02/21,Flanders,1283
21/02/21,Wallonia,548
22/02/21,Brussels,795
22/02/21,Flanders,3148
22/02/21,Wallonia,1550
23/02/21,Brussels,775
23/02/21,Flanders,3410
23/02/21,Wallonia,1656
24/02/21,Brussels,895
24/02/21,Flanders,2898
24/02/21,Wallonia,1784
25/02/21,Brussels,759
25/02/21,Flanders,2997
25/02/21,Wallonia,1534
26/02/21,Brussels,1118
26/02/21,Flanders,3292
26/02/21,Wallonia,2112
27/02/21,Brussels,554
27/02/21,Flanders,2410
27/02/21,Wallonia,1300
28/02/21,Brussels,509
28/02/21,Flanders,1799
28/02/21,Wallonia,509
01/03/21,Brussels,823
01/03/21,Flanders,2818
01/03/21,Wallonia,1539
02/03/21,Brussels,750
02/03/21,Flanders,3352
02/03/21,Wallonia,1960
03/03/21,Brussels,884
03/03/21,Flanders,2937
03/03/21,Wallonia,1808
04/03/21,Brussels,1020
04/03/21,Flanders,3075
04/03/21,Wallonia,1825
05/03/21,Brussels,660
05/03/21,Flanders,3056
05/03/21,Wallonia,1925
06/03/21,Brussels,543
06/03/21,Flanders,2366
06/03/21,Wallonia,1187
07/03/21,Brussels,536
07/03/21,Flanders,1647
07/03/21,Wallonia,694
08/03/21,Brussels,820
08/03/21,Flanders,3286
08/03/21,Wallonia,1660
09/03/21,Brussels,884
09/03/21,Flanders,3882
09/03/21,Wallonia,2486
10/03/21,Brussels,1009
10/03/21,Flanders,3368
10/03/21,Wallonia,1944
11/03/21,Brussels,894
11/03/21,Flanders,3395
11/03/21,Wallonia,1808
12/03/21,Brussels,1158
12/03/21,Flanders,3512
12/03/21,Wallonia,2215
13/03/21,Brussels,935
13/03/21,Flanders,2976
13/03/21,Wallonia,1884
14/03/21,Brussels,687
14/03/21,Flanders,2501
14/03/21,Wallonia,1046
15/03/21,Brussels,1165
15/03/21,Flanders,4334
15/03/21,Wallonia,2568
16/03/21,Brussels,1344
16/03/21,Flanders,4460
16/03/21,Wallonia,2744
17/03/21,Brussels,1339
17/03/21,Flanders,4807
17/03/21,Wallonia,2592
18/03/21,Brussels,1329
18/03/21,Flanders,4415
18/03/21,Wallonia,3194
19/03/21,Brussels,1196
19/03/21,Flanders,4291
19/03/21,Wallonia,3117
20/03/21,Brussels,1241
20/03/21,Flanders,3779
20/03/21,Wallonia,2330
21/03/21,Brussels,693
21/03/21,Flanders,2878
21/03/21,Wallonia,1358
22/03/21,Brussels,1344
22/03/21,Flanders,5548
22/03/21,Wallonia,3200
23/03/21,Brussels,1726
23/03/21,Flanders,5842
23/03/21,Wallonia,3862
24/03/21,Brussels,1705
24/03/21,Flanders,5282
24/03/21,Wallonia,3329
25/03/21,Brussels,1451
25/03/21,Flanders,5196
25/03/21,Wallonia,3562
26/03/21,Brussels,1302
26/03/21,Flanders,4610
26/03/21,Wallonia,3700
27/03/21,Brussels,1238
27/03/21,Flanders,4546
27/03/21,Wallonia,2721
28/03/21,Brussels,945
28/03/21,Flanders,2653
28/03/21,Wallonia,1933
29/03/21,Brussels,1372
29/03/21,Flanders,5137
29/03/21,Wallonia,3391
30/03/21,Brussels,1472
30/03/21,Flanders,5833
30/03/21,Wallonia,3977
31/03/21,Brussels,1433
31/03/21,Flanders,5459
31/03/21,Wallonia,3858
01/04/21,Brussels,1708
01/04/21,Flanders,5003
01/04/21,Wallonia,3532
02/04/21,Brussels,1465
02/04/21,Flanders,4828
02/04/21,Wallonia,4189
03/04/21,Brussels,1203
03/04/21,Flanders,3623
03/04/21,Wallonia,2680
04/04/21,Brussels,671
04/04/21,Flanders,2276
04/04/21,Wallonia,1682
05/04/21,Brussels,854
05/04/21,Flanders,2959
05/04/21,Wallonia,1894
06/04/21,Brussels,1042
06/04/21,Flanders,4890
06/04/21,Wallonia,3839
07/04/21,Brussels,1341
07/04/21,Flanders,5537
07/04/21,Wallonia,4161
08/04/21,Brussels,1392
08/04/21,Flanders,4454
08/04/21,Wallonia,3403
09/04/21,Brussels,1506
09/04/21,Flanders,4693
09/04/21,Wallonia,3480
10/04/21,Brussels,882
10/04/21,Flanders,3899
10/04/21,Wallonia,2309
11/04/21,Brussels,669
11/04/21,Flanders,2726
11/04/21,Wallonia,1586
12/04/21,Brussels,1158
12/04/21,Flanders,4734
12/04/21,Wallonia,3025
13/04/21,Brussels,1033
13/04/21,Flanders,4694
13/04/21,Wallonia,3540
14/04/21,Brussels,1194
14/04/21,Flanders,3829
14/04/21,Wallonia,2873
15/04/21,Brussels,1183
15/04/21,Flanders,4074
15/04/21,Wallonia,3157
16/04/21,Brussels,1441
16/04/21,Flanders,4096
16/04/21,Wallonia,3189
17/04/21,Brussels,1085
17/04/21,Flanders,3411
17/04/21,Wallonia,2311
18/04/21,Brussels,832
18/04/21,Flanders,2344
18/04/21,Wallonia,1739
19/04/21,Brussels,1356
19/04/21,Flanders,4630
19/04/21,Wallonia,3381
20/04/21,Brussels,1620
20/04/21,Flanders,5111
20/04/21,Wallonia,3408
21/04/21,Brussels,1159
21/04/21,Flanders,4421
21/04/21,Wallonia,3118
22/04/21,Brussels,1194
22/04/21,Flanders,3807
22/04/21,Wallonia,3149
23/04/21,Brussels,1063
23/04/21,Flanders,3951
23/04/21,Wallonia,2820
24/04/21,Brussels,910
24/04/21,Flanders,3036
24/04/21,Wallonia,2106
25/04/21,Brussels,741
25/04/21,Flanders,2060
25/04/21,Wallonia,1061
26/04/21,Brussels,859
26/04/21,Flanders,3611
26/04/21,Wallonia,2766
27/04/21,Brussels,1258
27/04/21,Flanders,3690
27/04/21,Wallonia,3114
28/04/21,Brussels,939
28/04/21,Flanders,3618
28/04/21,Wallonia,2881
29/04/21,Brussels,1025
29/04/21,Flanders,3504
29/04/21,Wallonia,2648
30/04/21,Brussels,915
30/04/21,Flanders,3551
30/04/21,Wallonia,2553
01/05/21,Brussels,724
01/05/21,Flanders,2215
01/05/21,Wallonia,1790
02/05/21,Brussels,561
02/05/21,Flanders,2309
02/05/21,Wallonia,1042
03/05/21,Brussels,769
03/05/21,Flanders,3847
03/05/21,Wallonia,2538
04/05/21,Brussels,939
04/05/21,Flanders,3692
04/05/21,Wallonia,2478
05/05/21,Brussels,793
05/05/21,Flanders,3364
05/05/21,Wallonia,2457
06/05/21,Brussels,861
06/05/21,Flanders,2949
06/05/21,Wallonia,2360
07/05/21,Brussels,539
07/05/21,Flanders,3249
07/05/21,Wallonia,2499
08/05/21,Brussels,680
08/05/21,Flanders,2292
08/05/21,Wallonia,1663
09/05/21,Brussels,500
09/05/21,Flanders,1711
09/05/21,Wallonia,1342
10/05/21,Brussels,445
10/05/21,Flanders,3305
10/05/21,Wallonia,2069
11/05/21,Brussels,657
11/05/21,Flanders,3303
11/05/21,Wallonia,2106
12/05/21,Brussels,505
12/05/21,Flanders,2715
12/05/21,Wallonia,2334
13/05/21,Brussels,344
13/05/21,Flanders,1900
13/05/21,Wallonia,1083
14/05/21,Brussels,506
14/05/21,Flanders,2304
14/05/21,Wallonia,1593
15/05/21,Brussels,665
15/05/21,Flanders,1976
15/05/21,Wallonia,1512
16/05/21,Brussels,414
16/05/21,Flanders,1283
16/05/21,Wallonia,677
17/05/21,Brussels,728
17/05/21,Flanders,2735
17/05/21,Wallonia,1902
18/05/21,Brussels,656
18/05/21,Flanders,2608
18/05/21,Wallonia,2307
19/05/21,Brussels,824
19/05/21,Flanders,3039
19/05/21,Wallonia,1835
20/05/21,Brussels,344
20/05/21,Flanders,2272
20/05/21,Wallonia,1976
21/05/21,Brussels,691
21/05/21,Flanders,2178
21/05/21,Wallonia,1851
22/05/21,Brussels,436
22/05/21,Flanders,1576
22/05/21,Wallonia,1470
23/05/21,Brussels,274
23/05/21,Flanders,1106
23/05/21,Wallonia,712
24/05/21,Brussels,383
24/05/21,Flanders,1085
24/05/21,Wallonia,649
25/05/21,Brussels,648
25/05/21,Flanders,2148
25/05/21,Wallonia,1583
26/05/21,Brussels,493
26/05/21,Flanders,2204
26/05/21,Wallonia,1771
27/05/21,Brussels,553
27/05/21,Flanders,1712
27/05/21,Wallonia,1541
28/05/21,Brussels,414
28/05/21,Flanders,1620
28/05/21,Wallonia,1426
29/05/21,Brussels,340
29/05/21,Flanders,1179
29/05/21,Wallonia,1096
30/05/21,Brussels,256
30/05/21,Flanders,833
30/05/21,Wallonia,525
31/05/21,Brussels,385
31/05/21,Flanders,1533
31/05/21,Wallonia,1073
01/06/21,Brussels,335
01/06/21,Flanders,1740
01/06/21,Wallonia,1180
02/06/21,Brussels,442
02/06/21,Flanders,1601
02/06/21,Wallonia,854
03/06/21,Brussels,377
03/06/21,Flanders,1236
03/06/21,Wallonia,1212
04/06/21,Brussels,470
04/06/21,Flanders,1148
04/06/21,Wallonia,1024
05/06/21,Brussels,241
05/06/21,Flanders,917
05/06/21,Wallonia,725
06/06/21,Brussels,197
06/06/21,Flanders,525
06/06/21,Wallonia,337
07/06/21,Brussels,379
07/06/21,Flanders,880
07/06/21,Wallonia,650
08/06/21,Brussels,510
08/06/21,Flanders,888
08/06/21,Wallonia,887
09/06/21,Brussels,281
09/06/21,Flanders,885
09/06/21,Wallonia,746
10/06/21,Brussels,336
10/06/21,Flanders,631
10/06/21,Wallonia,575
11/06/21,Brussels,250
11/06/21,Flanders,835
11/06/21,Wallonia,436
12/06/21,Brussels,227
12/06/21,Flanders,456
12/06/21,Wallonia,308
13/06/21,Brussels,98
13/06/21,Flanders,265
13/06/21,Wallonia,100
14/06/21,Brussels,183
14/06/21,Flanders,668
14/06/21,Wallonia,480
15/06/21,Brussels,197
15/06/21,Flanders,477
15/06/21,Wallonia,535
16/06/21,Brussels,133
16/06/21,Flanders,359
16/06/21,Wallonia,293
17/06/21,Brussels,243
17/06/21,Flanders,377
17/06/21,Wallonia,275
18/06/21,Brussels,176
18/06/21,Flanders,435
18/06/21,Wallonia,222
19/06/21,Brussels,159
19/06/21,Flanders,253
19/06/21,Wallonia,274
20/06/21,Brussels,73
20/06/21,Flanders,195
20/06/21,Wallonia,122
21/06/21,Brussels,197
21/06/21,Flanders,489
21/06/21,Wallonia,210
22/06/21,Brussels,161
22/06/21,Flanders,387
22/06/21,Wallonia,129
23/06/21,Brussels,172
23/06/21,Flanders,337
23/06/21,Wallonia,282
24/06/21,Brussels,171
24/06/21,Flanders,281
24/06/21,Wallonia,290
25/06/21,Brussels,95
25/06/21,Flanders,362
25/06/21,Wallonia,114
26/06/21,Brussels,114
26/06/21,Flanders,200
26/06/21,Wallonia,200
27/06/21,Brussels,88
27/06/21,Flanders,147
27/06/21,Wallonia,58
28/06/21,Brussels,144
28/06/21,Flanders,405
28/06/21,Wallonia,258
29/06/21,Brussels,146
29/06/21,Flanders,433
29/06/21,Wallonia,183
30/06/21,Brussels,166
30/06/21,Flanders,409
30/06/21,Wallonia,226
01/07/21,Brussels,128
01/07/21,Flanders,437
01/07/21,Wallonia,189
02/07/21,Brussels,166
02/07/21,Flanders,530
02/07/21,Wallonia,292
03/07/21,Brussels,173
03/07/21,Flanders,338
03/07/21,Wallonia,203
04/07/21,Brussels,89
04/07/21,Flanders,295
04/07/21,Wallonia,101
05/07/21,Brussels,178
05/07/21,Flanders,669
05/07/21,Wallonia,279
06/07/21,Brussels,268
06/07/21,Flanders,770
06/07/21,Wallonia,341
07/07/21,Brussels,375
07/07/21,Flanders,870
07/07/21,Wallonia,341
08/07/21,Brussels,212
08/07/21,Flanders,808
08/07/21,Wallonia,289
09/07/21,Brussels,236
09/07/21,Flanders,976
09/07/21,Wallonia,370
10/07/21,Brussels,185
10/07/21,Flanders,824
10/07/21,Wallonia,205
11/07/21,Brussels,231
11/07/21,Flanders,542
11/07/21,Wallonia,131
12/07/21,Brussels,319
12/07/21,Flanders,1274
12/07/21,Wallonia,353
13/07/21,Brussels,364
13/07/21,Flanders,1056
13/07/21,Wallonia,430
14/07/21,Brussels,307
14/07/21,Flanders,1022
14/07/21,Wallonia,445
15/07/21,Brussels,370
15/07/21,Flanders,1048
15/07/21,Wallonia,383
16/07/21,Brussels,372
16/07/21,Flanders,1104
16/07/21,Wallonia,484
17/07/21,Brussels,333
17/07/21,Flanders,848
17/07/21,Wallonia,332
18/07/21,Brussels,251
18/07/21,Flanders,669
18/07/21,Wallonia,132
19/07/21,Brussels,450
19/07/21,Flanders,1535
19/07/21,Wallonia,550
20/07/21,Brussels,437
20/07/21,Flanders,1381
20/07/21,Wallonia,595
21/07/21,Brussels,200
21/07/21,Flanders,790
21/07/21,Wallonia,189
22/07/21,Brussels,493
22/07/21,Flanders,1291
22/07/21,Wallonia,555
23/07/21,Brussels,364
23/07/21,Flanders,1216
23/07/21,Wallonia,490
24/07/21,Brussels,427
24/07/21,Flanders,907
24/07/21,Wallonia,330
25/07/21,Brussels,261
25/07/21,Flanders,740
25/07/21,Wallonia,158
26/07/21,Brussels,485
26/07/21,Flanders,1468
26/07/21,Wallonia,543
27/07/21,Brussels,482
27/07/21,Flanders,1243
27/07/21,Wallonia,537
28/07/21,Brussels,531
28/07/21,Flanders,1366
28/07/21,Wallonia,524
29/07/21,Brussels,616
29/07/21,Flanders,1227
29/07/21,Wallonia,535
30/07/21,Brussels,476
30/07/21,Flanders,1175
30/07/21,Wallonia,552
31/07/21,Brussels,410
31/07/21,Flanders,957
31/07/21,Wallonia,419
01/08/21,Brussels,370
01/08/21,Flanders,1000
01/08/21,Wallonia,219
02/08/21,Brussels,541
02/08/21,Flanders,1669
02/08/21,Wallonia,715
03/08/21,Brussels,493
03/08/21,Flanders,1441
03/08/21,Wallonia,749
04/08/21,Brussels,579
04/08/21,Flanders,1231
04/08/21,Wallonia,702
05/08/21,Brussels,599
05/08/21,Flanders,1337
05/08/21,Wallonia,555
06/08/21,Brussels,651
06/08/21,Flanders,1487
06/08/21,Wallonia,705
07/08/21,Brussels,593
07/08/21,Flanders,994
07/08/21,Wallonia,488
08/08/21,Brussels,459
08/08/21,Flanders,879
08/08/21,Wallonia,248
09/08/21,Brussels,851
09/08/21,Flanders,1750
09/08/21,Wallonia,848
10/08/21,Brussels,810
10/08/21,Flanders,1564
10/08/21,Wallonia,996
11/08/21,Brussels,687
11/08/21,Flanders,1200
11/08/21,Wallonia,847
12/08/21,Brussels,642
12/08/21,Flanders,1417
12/08/21,Wallonia,1056
13/08/21,Brussels,851
13/08/21,Flanders,1524
13/08/21,Wallonia,1028
14/08/21,Brussels,627
14/08/21,Flanders,971
14/08/21,Wallonia,597
15/08/21,Brussels,502
15/08/21,Flanders,574
15/08/21,Wallonia,354
16/08/21,Brussels,869
16/08/21,Flanders,1811
16/08/21,Wallonia,986
17/08/21,Brussels,944
17/08/21,Flanders,1724
17/08/21,Wallonia,1012
18/08/21,Brussels,848
18/08/21,Flanders,1662
18/08/21,Wallonia,928
19/08/21,Brussels,742
19/08/21,Flanders,1313
19/08/21,Wallonia,975
20/08/21,Brussels,806
20/08/21,Flanders,1368
20/08/21,Wallonia,909
21/08/21,Brussels,669
21/08/21,Flanders,1041
21/08/21,Wallonia,520
22/08/21,Brussels,574
22/08/21,Flanders,768
22/08/21,Wallonia,297
23/08/21,Brussels,789
23/08/21,Flanders,1649
23/08/21,Wallonia,1220
24/08/21,Brussels,845
24/08/21,Flanders,1825
24/08/21,Wallonia,1062
25/08/21,Brussels,871
25/08/21,Flanders,1703
25/08/21,Wallonia,850
26/08/21,Brussels,944
26/08/21,Flanders,1318
26/08/21,Wallonia,946
27/08/21,Brussels,850
27/08/21,Flanders,1470
27/08/21,Wallonia,887
28/08/21,Brussels,678
28/08/21,Flanders,940
28/08/21,Wallonia,878
29/08/21,Brussels,477
29/08/21,Flanders,633
29/08/21,Wallonia,459
30/08/21,Brussels,904
30/08/21,Flanders,1796
30/08/21,Wallonia,1212
31/08/21,Brussels,1019
31/08/21,Flanders,1493
31/08/21,Wallonia,1303
01/09/21,Brussels,1055
01/09/21,Flanders,1359
01/09/21,Wallonia,1050
02/09/21,Brussels,919
02/09/21,Flanders,1436
02/09/21,Wallonia,1122
03/09/21,Brussels,722
03/09/21,Flanders,1361
03/09/21,Wallonia,1174
04/09/21,Brussels,765
04/09/21,Flanders,1013
04/09/21,Wallonia,706
05/09/21,Brussels,593
05/09/21,Flanders,625
05/09/21,Wallonia,478
06/09/21,Brussels,1041
06/09/21,Flanders,1394
06/09/21,Wallonia,1547
07/09/21,Brussels,1133
07/09/21,Flanders,1280
07/09/21,Wallonia,1419
08/09/21,Brussels,1033
08/09/21,Flanders,1199
08/09/21,Wallonia,1123
09/09/21,Brussels,874
09/09/21,Flanders,1246
09/09/21,Wallonia,1105
10/09/21,Brussels,828
10/09/21,Flanders,1318
10/09/21,Wallonia,1260
11/09/21,Brussels,570
11/09/21,Flanders,704
11/09/21,Wallonia,754
12/09/21,Brussels,416
12/09/21,Flanders,540
12/09/21,Wallonia,349
13/09/21,Brussels,933
13/09/21,Flanders,1581
13/09/21,Wallonia,1369
14/09/21,Brussels,1066
14/09/21,Flanders,1259
14/09/21,Wallonia,1490
15/09/21,Brussels,684
15/09/21,Flanders,1300
15/09/21,Wallonia,1372
16/09/21,Brussels,1077
16/09/21,Flanders,1352
16/09/21,Wallonia,1355
17/09/21,Brussels,809
17/09/21,Flanders,1212
17/09/21,Wallonia,1374
18/09/21,Brussels,462
18/09/21,Flanders,925
18/09/21,Wallonia,852
19/09/21,Brussels,311
19/09/21,Flanders,572
19/09/21,Wallonia,411
20/09/21,Brussels,932
20/09/21,Flanders,1478
20/09/21,Wallonia,1332
21/09/21,Brussels,783
21/09/21,Flanders,1110
21/09/21,Wallonia,1462
22/09/21,Brussels,719
22/09/21,Flanders,1236
22/09/21,Wallonia,1271
23/09/21,Brussels,695
23/09/21,Flanders,1204
23/09/21,Wallonia,1330
24/09/21,Brussels,639
24/09/21,Flanders,912
24/09/21,Wallonia,1247
25/09/21,Brussels,526
25/09/21,Flanders,748
25/09/21,Wallonia,797
26/09/21,Brussels,463
26/09/21,Flanders,473
26/09/21,Wallonia,407
27/09/21,Brussels,740
27/09/21,Flanders,1285
27/09/21,Wallonia,1584
28/09/21,Brussels,796
28/09/21,Flanders,1345
28/09/21,Wallonia,1527
29/09/21,Brussels,645
29/09/21,Flanders,1471
29/09/21,Wallonia,1225
30/09/21,Brussels,777
30/09/21,Flanders,1194
30/09/21,Wallonia,1360
01/10/21,Brussels,664
01/10/21,Flanders,1288
01/10/21,Wallonia,1337
02/10/21,Brussels,617
02/10/21,Flanders,826
02/10/21,Wallonia,701
03/10/21,Brussels,585
03/10/21,Flanders,485
03/10/21,Wallonia,284
04/10/21,Brussels,627
04/10/21,Flanders,1328
04/10/21,Wallonia,1585
05/10/21,Brussels,770
05/10/21,Flanders,1389
05/10/21,Wallonia,1533
06/10/21,Brussels,722
06/10/21,Flanders,1505
06/10/21,Wallonia,1423
07/10/21,Brussels,636
07/10/21,Flanders,1431
07/10/21,Wallonia,1407
08/10/21,Brussels,565
08/10/21,Flanders,1610
08/10/21,Wallonia,1510
09/10/21,Brussels,502
09/10/21,Flanders,915
09/10/21,Wallonia,928
10/10/21,Brussels,390
10/10/21,Flanders,753
10/10/21,Wallonia,330
11/10/21,Brussels,768
11/10/21,Flanders,2220
11/10/21,Wallonia,1823
12/10/21,Brussels,766
12/10/21,Flanders,2261
12/10/21,Wallonia,1681
13/10/21,Brussels,820
13/10/21,Flanders,2267
13/10/21,Wallonia,1838
14/10/21,Brussels,825
14/10/21,Flanders,2414
14/10/21,Wallonia,2056
15/10/21,Brussels,789
15/10/21,Flanders,2434
15/10/21,Wallonia,2046
16/10/21,Brussels,674
16/10/21,Flanders,1837
16/10/21,Wallonia,1577
17/10/21,Brussels,423
17/10/21,Flanders,1316
17/10/21,Wallonia,795
18/10/21,Brussels,1101
18/10/21,Flanders,4171
18/10/21,Wallonia,2828
19/10/21,Brussels,946
19/10/21,Flanders,4284
19/10/21,Wallonia,3086
20/10/21,Brussels,1259
20/10/21,Flanders,4804
20/10/21,Wallonia,2961
21/10/21,Brussels,1242
21/10/21,Flanders,4665
21/10/21,Wallonia,3259
22/10/21,Brussels,1142
22/10/21,Flanders,4968
22/10/21,Wallonia,3442
23/10/21,Brussels,973
23/10/21,Flanders,3110
23/10/21,Wallonia,2131
24/10/21,Brussels,751
24/10/21,Flanders,2362
24/10/21,Wallonia,1029
25/10/21,Brussels,1265
25/10/21,Flanders,6591
25/10/21,Wallonia,4166
26/10/21,Brussels,1337
26/10/21,Flanders,6684
26/10/21,Wallonia,4345
27/10/21,Brussels,1357
27/10/21,Flanders,6710
27/10/21,Wallonia,4175
28/10/21,Brussels,1097
28/10/21,Flanders,6693
28/10/21,Wallonia,4279
29/10/21,Brussels,1402
29/10/21,Flanders,7004
29/10/21,Wallonia,4366
30/10/21,Brussels,923
30/10/21,Flanders,4644
30/10/21,Wallonia,2940
31/10/21,Brussels,506
31/10/21,Flanders,3219
31/10/21,Wallonia,1402
01/11/21,Brussels,695
01/11/21,Flanders,3963
01/11/21,Wallonia,1243
02/11/21,Brussels,1258
02/11/21,Flanders,8550
02/11/21,Wallonia,5118
03/11/21,Brussels,1314
03/11/21,Flanders,9096
03/11/21,Wallonia,4822
04/11/21,Brussels,1132
04/11/21,Flanders,8334
04/11/21,Wallonia,4568
05/11/21,Brussels,1171
05/11/21,Flanders,8986
05/11/21,Wallonia,4382
06/11/21,Brussels,1202
06/11/21,Flanders,5629
06/11/21,Wallonia,2913
07/11/21,Brussels,796
07/11/21,Flanders,4724
07/11/21,Wallonia,1345
08/11/21,Brussels,1471
08/11/21,Flanders,11667
08/11/21,Wallonia,5407
09/11/21,Brussels,1483
09/11/21,Flanders,11051
09/11/21,Wallonia,5406
10/11/21,Brussels,1560
10/11/21,Flanders,11280
10/11/21,Wallonia,5481
11/11/21,Brussels,905
11/11/21,Flanders,5939
11/11/21,Wallonia,2453
12/11/21,Brussels,1171
12/11/21,Flanders,10698
12/11/21,Wallonia,5231
13/11/21,Brussels,1056
13/11/21,Flanders,8510
13/11/21,Wallonia,4136
14/11/21,Brussels,854
14/11/21,Flanders,6486
14/11/21,Wallonia,2042
15/11/21,Brussels,1755
15/11/21,Flanders,16328
15/11/21,Wallonia,6647
16/11/21,Brussels,1820
16/11/21,Flanders,15206
16/11/21,Wallonia,6861
17/11/21,Brussels,1606
17/11/21,Flanders,15762
17/11/21,Wallonia,6917
18/11/21,Brussels,1690
18/11/21,Flanders,16199
18/11/21,Wallonia,6295
19/11/21,Brussels,1771
19/11/21,Flanders,16928
19/11/21,Wallonia,6375
20/11/21,Brussels,1361
20/11/21,Flanders,11201
20/11/21,Wallonia,4159
21/11/21,Brussels,1120
21/11/21,Flanders,8379
21/11/21,Wallonia,2050
22/11/21,Brussels,1994
22/11/21,Flanders,20931
22/11/21,Wallonia,7243
23/11/21,Brussels,2226
23/11/21,Flanders,18586
23/11/21,Wallonia,7328
24/11/21,Brussels,1848
24/11/21,Flanders,17974
24/11/21,Wallonia,6891
25/11/21,Brussels,1797
25/11/21,Flanders,18076
25/11/21,Wallonia,7057
26/11/21,Brussels,1898
26/11/21,Flanders,17683
26/11/21,Wallonia,6671
27/11/21,Brussels,1684
27/11/21,Flanders,11216
27/11/21,Wallonia,4804
28/11/21,Brussels,1179
28/11/21,Flanders,8270
28/11/21,Wallonia,2139
29/11/21,Brussels,2179
29/11/21,Flanders,20420
29/11/21,Wallonia,7793
30/11/21,Brussels,2139
30/11/21,Flanders,17812
30/11/21,Wallonia,8241
01/12/21,Brussels,2357
01/12/21,Flanders,16603
01/12/21,Wallonia,7389
02/12/21,Brussels,2063
02/12/21,Flanders,15480
02/12/21,Wallonia,6909
03/12/21,Brussels,1988
03/12/21,Flanders,14266
03/12/21,Wallonia,7159
04/12/21,Brussels,1679
04/12/21,Flanders,9837
04/12/21,Wallonia,4018
05/12/21,Brussels,1217
05/12/21,Flanders,6746
05/12/21,Wallonia,2101
06/12/21,Brussels,2071
06/12/21,Flanders,15545
06/12/21,Wallonia,6942
07/12/21,Brussels,2133
07/12/21,Flanders,12859
07/12/21,Wallonia,7090
08/12/21,Brussels,1908
08/12/21,Flanders,12212
08/12/21,Wallonia,6626
09/12/21,Brussels,1929
09/12/21,Flanders,11062
09/12/21,Wallonia,6285
10/12/21,Brussels,1878
10/12/21,Flanders,10438
10/12/21,Wallonia,6358
11/12/21,Brussels,1465
11/12/21,Flanders,6485
11/12/21,Wallonia,4115
12/12/21,Brussels,894
12/12/21,Flanders,4683
12/12/21,Wallonia,1954
13/12/21,Brussels,1766
13/12/21,Flanders,9830
13/12/21,Wallonia,5801
14/12/21,Brussels,2105
14/12/21,Flanders,8345
14/12/21,Wallonia,5598
15/12/21,Brussels,1685
15/12/21,Flanders,7508
15/12/21,Wallonia,4421
16/12/21,Brussels,1395
16/12/21,Flanders,6242
16/12/21,Wallonia,3849
17/12/21,Brussels,1466
17/12/21,Flanders,6175
17/12/21,Wallonia,3394
18/12/21,Brussels,1349
18/12/21,Flanders,4111
18/12/21,Wallonia,2455
19/12/21,Brussels,909
19/12/21,Flanders,2856
19/12/21,Wallonia,1348
20/12/21,Brussels,1592
20/12/21,Flanders,5970
20/12/21,Wallonia,4058
21/12/21,Brussels,1585
21/12/21,Flanders,5463
21/12/21,Wallonia,3398
22/12/21,Brussels,1759
22/12/21,Flanders,5316
22/12/21,Wallonia,3397
23/12/21,Brussels,1706
23/12/21,Flanders,4932
23/12/21,Wallonia,3481
24/12/21,Brussels,1403
24/12/21,Flanders,4430
24/12/21,Wallonia,2833
25/12/21,Brussels,1146
25/12/21,Flanders,2687
25/12/21,Wallonia,1239
26/12/21,Brussels,1259
26/12/21,Flanders,3436
26/12/21,Wallonia,1635
27/12/21,Brussels,2377
27/12/21,Flanders,7610
27/12/21,Wallonia,4694
28/12/21,Brussels,2652
28/12/21,Flanders,7809
28/12/21,Wallonia,5326
29/12/21,Brussels,3070
29/12/21,Flanders,8680
29/12/21,Wallonia,5788
30/12/21,Brussels,3319
30/12/21,Flanders,9242
30/12/21,Wallonia,6261
31/12/21,Brussels,2708
31/12/21,Flanders,7103
31/12/21,Wallonia,5337
01/01/22,Brussels,1396
01/01/22,Flanders,3886
01/01/22,Wallonia,1523
02/01/22,Brussels,2781
02/01/22,Flanders,6284
02/01/22,Wallonia,2517
03/01/22,Brussels,4612
03/01/22,Flanders,16217
03/01/22,Wallonia,9034
04/01/22,Brussels,5601
04/01/22,Flanders,16228
04/01/22,Wallonia,10011
05/01/22,Brussels,5176
05/01/22,Flanders,14831
05/01/22,Wallonia,9299
06/01/22,Brussels,4827
06/01/22,Flanders,13504
06/01/22,Wallonia,8275
07/01/22,Brussels,4620
07/01/22,Flanders,14011
07/01/22,Wallonia,8301
08/01/22,Brussels,3789
08/01/22,Flanders,9350
08/01/22,Wallonia,5624
09/01/22,Brussels,3106
09/01/22,Flanders,8079
09/01/22,Wallonia,2828
10/01/22,Brussels,5698
10/01/22,Flanders,22461
10/01/22,Wallonia,11649
11/01/22,Brussels,5725
11/01/22,Flanders,18948
11/01/22,Wallonia,10416
12/01/22,Brussels,5528
12/01/22,Flanders,19571
12/01/22,Wallonia,9721
13/01/22,Brussels,5200
13/01/22,Flanders,18607
13/01/22,Wallonia,9563
14/01/22,Brussels,5360
14/01/22,Flanders,20367
14/01/22,Wallonia,10190
15/01/22,Brussels,4052
15/01/22,Flanders,14865
15/01/22,Wallonia,7068
16/01/22,Brussels,2816
16/01/22,Flanders,11682
16/01/22,Wallonia,3373
17/01/22,Brussels,6734
17/01/22,Flanders,40794
17/01/22,Wallonia,17940
18/01/22,Brussels,7886
18/01/22,Flanders,38146
18/01/22,Wallonia,19801
19/01/22,Brussels,7797
19/01/22,Flanders,38245
19/01/22,Wallonia,20301
20/01/22,Brussels,7285
20/01/22,Flanders,37095
20/01/22,Wallonia,19081
21/01/22,Brussels,6871
21/01/22,Flanders,35444
21/01/22,Wallonia,20266
22/01/22,Brussels,4875
22/01/22,Flanders,22074
22/01/22,Wallonia,11699
23/01/22,Brussels,3481
23/01/22,Flanders,17048
23/01/22,Wallonia,5505
24/01/22,Brussels,7651
24/01/22,Flanders,47905
24/01/22,Wallonia,25637
25/01/22,Brussels,6878
25/01/22,Flanders,38779
25/01/22,Wallonia,24313
26/01/22,Brussels,6113
26/01/22,Flanders,34115
26/01/22,Wallonia,20798
27/01/22,Brussels,5387
27/01/22,Flanders,31091
27/01/22,Wallonia,18673
28/01/22,Brussels,4786
28/01/22,Flanders,27600
28/01/22,Wallonia,16807
29/01/22,Brussels,3190
29/01/22,Flanders,16366
29/01/22,Wallonia,10521
30/01/22,Brussels,2235
30/01/22,Flanders,11580
30/01/22,Wallonia,4484
31/01/22,Brussels,4682
31/01/22,Flanders,32343
31/01/22,Wallonia,19080
01/02/22,Brussels,4088
01/02/22,Flanders,24323
01/02/22,Wallonia,16327
02/02/22,Brussels,3544
02/02/22,Flanders,20685
02/02/22,Wallonia,13468
03/02/22,Brussels,3114
03/02/22,Flanders,18682
03/02/22,Wallonia,11520
04/02/22,Brussels,2766
04/02/22,Flanders,15922
04/02/22,Wallonia,10096
05/02/22,Brussels,1912
05/02/22,Flanders,10022
05/02/22,Wallonia,6415
06/02/22,Brussels,1418
06/02/22,Flanders,8250
06/02/22,Wallonia,3159
07/02/22,Brussels,2813
07/02/22,Flanders,19257
07/02/22,Wallonia,10783
08/02/22,Brussels,2092
08/02/22,Flanders,14103
08/02/22,Wallonia,8948
09/02/22,Brussels,1987
09/02/22,Flanders,12952
09/02/22,Wallonia,7478
10/02/22,Brussels,1635
10/02/22,Flanders,11359
10/02/22,Wallonia,6221
11/02/22,Brussels,1891
11/02/22,Flanders,10478
11/02/22,Wallonia,6064
12/02/22,Brussels,1269
12/02/22,Flanders,7164
12/02/22,Wallonia,3815
13/02/22,Brussels,708
13/02/22,Flanders,5888
13/02/22,Wallonia,2118
14/02/22,Brussels,1306
14/02/22,Flanders,12698
14/02/22,Wallonia,5404
15/02/22,Brussels,1346
15/02/22,Flanders,10793
15/02/22,Wallonia,5248
16/02/22,Brussels,1373
16/02/22,Flanders,9205
16/02/22,Wallonia,4671
17/02/22,Brussels,1080
17/02/22,Flanders,8361
17/02/22,Wallonia,3936
18/02/22,Brussels,1006
18/02/22,Flanders,7018
18/02/22,Wallonia,3523
19/02/22,Brussels,660
19/02/22,Flanders,5268
19/02/22,Wallonia,2481
20/02/22,Brussels,392
20/02/22,Flanders,4058
20/02/22,Wallonia,1286
21/02/22,Brussels,891
21/02/22,Flanders,9489
21/02/22,Wallonia,3612
22/02/22,Brussels,825
22/02/22,Flanders,8154
22/02/22,Wallonia,2742
23/02/22,Brussels,882
23/02/22,Flanders,7517
23/02/22,Wallonia,2791
24/02/22,Brussels,720
24/02/22,Flanders,6660
24/02/22,Wallonia,2476
25/02/22,Brussels,529
25/02/22,Flanders,5949
25/02/22,Wallonia,2194
26/02/22,Brussels,398
26/02/22,Flanders,3763
26/02/22,Wallonia,1390
27/02/22,Brussels,404
27/02/22,Flanders,2718
27/02/22,Wallonia,816
28/02/22,Brussels,705
28/02/22,Flanders,7679
28/02/22,Wallonia,2039
01/03/22,Brussels,778
01/03/22,Flanders,6883
01/03/22,Wallonia,2251
02/03/22,Brussels,900
02/03/22,Flanders,7725
02/03/22,Wallonia,2183
03/03/22,Brussels,587
03/03/22,Flanders,7315
03/03/22,Wallonia,2006
04/03/22,Brussels,850
04/03/22,Flanders,7086
04/03/22,Wallonia,1877
05/03/22,Brussels,512
05/03/22,Flanders,4885
05/03/22,Wallonia,1180
06/03/22,Brussels,358
06/03/22,Flanders,4652
06/03/22,Wallonia,815
07/03/22,Brussels,791
07/03/22,Flanders,11491
07/03/22,Wallonia,2206
08/03/22,Brussels,836
08/03/22,Flanders,9666
08/03/22,Wallonia,1974
09/03/22,Brussels,720
09/03/22,Flanders,9789
09/03/22,Wallonia,1909
10/03/22,Brussels,730
10/03/22,Flanders,9112
10/03/22,Wallonia,1683
11/03/22,Brussels,606
11/03/22,Flanders,9360
11/03/22,Wallonia,1662
12/03/22,Brussels,618
12/03/22,Flanders,6245
12/03/22,Wallonia,1327
13/03/22,Brussels,291
13/03/22,Flanders,5024
13/03/22,Wallonia,611
14/03/22,Brussels,1098
14/03/22,Flanders,15102
14/03/22,Wallonia,2504
15/03/22,Brussels,934
15/03/22,Flanders,12795
15/03/22,Wallonia,2283
16/03/22,Brussels,1116
16/03/22,Flanders,12324
16/03/22,Wallonia,2328
17/03/22,Brussels,902
17/03/22,Flanders,11171
17/03/22,Wallonia,2228
18/03/22,Brussels,830
18/03/22,Flanders,10655
18/03/22,Wallonia,2313
19/03/22,Brussels,613
19/03/22,Flanders,6877
19/03/22,Wallonia,1222
20/03/22,Brussels,321
20/03/22,Flanders,5807
20/03/22,Wallonia,727
21/03/22,Brussels,1098
21/03/22,Flanders,16505
21/03/22,Wallonia,2948
22/03/22,Brussels,1039
22/03/22,Flanders,13865
22/03/22,Wallonia,2782
23/03/22,Brussels,949
23/03/22,Flanders,14023
23/03/22,Wallonia,2750
24/03/22,Brussels,677
24/03/22,Flanders,7909
24/03/22,Wallonia,1371
25/03/22,Flanders,295
25/03/22,Wallonia,33
